Player_ID,Full_Name,Institution,State,Category,Gender,Status,Team_Code,Team_Name,Registered_At
SZWBT26-P-000101,Ananya Sharma,KLE Technological University,Karnataka,Women's Singles,FEMALE,APPROVED,TM-SZ-001,KLE Tech Champions,2026-10-17
SZWBT26-P-000102,Priya Kulkarni,KLE Technological University,Karnataka,Women's Doubles,FEMALE,APPROVED,TM-SZ-001,KLE Tech Champions,2026-10-17
SZWBT26-P-000103,Divya Naik,KLE Technological University,Karnataka,Women's Doubles,FEMALE,APPROVED,TM-SZ-001,KLE Tech Champions,2026-10-17
SZWBT26-P-000104,Sneha Joshi,KLE Technological University,Karnataka,Institution Teams,FEMALE,APPROVED,TM-SZ-001,KLE Tech Champions,2026-10-17
SZWBT26-P-000105,Tanvi Deshpande,KLE Technological University,Karnataka,Institution Teams,FEMALE,APPROVED,TM-SZ-001,KLE Tech Champions,2026-10-17
SZWBT26-P-000106,Deepika Rao,Anna University,Tamil Nadu,Women's Singles,FEMALE,APPROVED,TM-SZ-002,Anna University Blasters,2026-10-17
SZWBT26-P-000107,Aarthi S,Anna University,Tamil Nadu,Women's Doubles,FEMALE,APPROVED,TM-SZ-002,Anna University Blasters,2026-10-17
SZWBT26-P-000108,Swathi M,Anna University,Tamil Nadu,Women's Doubles,FEMALE,APPROVED,TM-SZ-002,Anna University Blasters,2026-10-17
SZWBT26-P-000109,Meenakshi R,Anna University,Tamil Nadu,Institution Teams,FEMALE,APPROVED,TM-SZ-002,Anna University Blasters,2026-10-17
SZWBT26-P-000110,Harini V,Anna University,Tamil Nadu,Institution Teams,FEMALE,APPROVED,TM-SZ-002,Anna University Blasters,2026-10-17
