Timestamp,Actor,Action,Resource_Type,Resource_ID,Request_ID
2026-10-17T09:15:00.000Z,desk1@szwbt2026.org,PARTICIPANT_CREATED,participant,SZWBT26-P-000101,req-101
2026-10-17T09:15:05.000Z,desk1@szwbt2026.org,ACCOMMODATION_ALLOCATED,bed,BED 01,req-102
2026-10-17T09:15:10.000Z,desk1@szwbt2026.org,PAYMENT_RECORDED,payment,TXN-SZ26-0001,req-103
2026-10-18T08:45:00.000Z,ops@szwbt2026.org,MATCH_COURT_ASSIGNED,match,R1-M01,req-201
2026-10-18T08:45:05.000Z,ops@szwbt2026.org,MATCH_UMPIRE_ASSIGNED,match,R1-M01,req-202
2026-10-18T09:00:00.000Z,anita.rao@szwbt2026.org,MATCH_STARTED,match,R1-M01,req-301
2026-10-18T09:42:00.000Z,anita.rao@szwbt2026.org,MATCH_ENDED,match,R1-M01,req-302
2026-10-18T09:42:05.000Z,anita.rao@szwbt2026.org,RESULT_SUBMITTED,result,R1-M01,req-303
2026-10-18T09:45:00.000Z,ops@szwbt2026.org,RESULT_CONFIRMED,result,R1-M01,req-401
2026-10-18T09:50:00.000Z,ops@szwbt2026.org,COURT_RELEASED,court,Court 01,req-402
